Model,TrainPrecision,TrainRecall,TrainF1,TestPrecision,TestRecall,TestF1,TrainTimeSec,TestTimeSec,TotalTimeSec
PCA,0.9750199612182047,0.6345953971789161,0.768808742186446,0.9735188509874326,0.6440023752969121,0.7751965689778413,4.596852199989371,2.608621699968353,7.205473899957724
InvariantsMiner,0.894362924108625,1.0,0.9442360940731135,0.8893583311328228,1.0,0.9414395527603074,365.6300199999241,2.4784435000037774,368.1084634999279
LogClustering,1.0,0.7193763919821826,0.8367875647668394,1.0,0.7203087885985748,0.8374180186399723,79.40813870006241,58.348732199985534,137.75687090004794
IsolationForest,0.7841419757788103,0.7642910170749815,0.7740892514756194,0.7736526946107785,0.7672209026128266,0.7704233750745378,21.557015100028366,11.762893699924462,33.31990879995283
LR,0.8642766841249774,0.7105419450631032,0.7799054758800521,0.8636039886039886,0.7200118764845606,0.7852979274611399,7.890748100006022,1.6548100999789312,9.545558199984953
SVM,0.9626168224299065,0.9405345211581292,0.9514475611129887,0.9640266021765417,0.9468527315914489,0.9553624925104853,11.514609699952416,1.6780304000712931,13.19264010002371
DecisionTree,0.99836867862969,0.999554565701559,0.9989612702181333,0.9979234648472264,0.998812351543943,0.9983677103427808,8.803026600042358,1.9685173000907525,10.77154390013311
